date,oil_price
2020-03-04,42.49694
2020-03-03,42.08195
2020-03-02,43.00713
2020-03-01,40.37255
2020-02-29,41.06431
2020-02-28,41.06441
2020-02-27,42.55531
2020-02-26,44.49947
2020-02-25,46.1279
2020-02-24,47.40306
2020-02-23,48.03585
2020-02-22,49.2808
2020-02-21,49.28327
2020-02-20,49.59908
2020-02-19,49.73846
2020-02-18,48.55872
2020-02-17,48.1745
2020-02-16,48.28671
2020-02-15,48.46788
2020-02-14,48.46949
2020-02-13,47.42684
2020-02-12,47.34834
2020-02-11,45.8999
2020-02-10,45.645
2020-02-09,45.4314
2020-02-08,46.0017
2020-02-07,46.0053
2020-02-06,46.8404
2020-02-05,46.5415
2020-02-04,44.9213
2020-02-03,45.1343
2020-02-02,46.0317
2020-02-01,46.5237
2020-01-31,46.5206
2020-01-30,47.9283
2020-01-29,48.2299
2020-01-28,48.7906
2020-01-27,48.0669
2020-01-26,47.7353
2020-01-25,49.1681
2020-01-24,49.1697
2020-01-23,50.3462
2020-01-22,50.5881
2020-01-21,52.5908
2020-01-20,52.913
2020-01-19,53.4357
2020-01-18,53.0485
2020-01-17,53.0494
2020-01-16,52.6386
2020-01-15,52.1347
2020-01-14,52.1993
2020-01-13,52.1749
2020-01-12,52.9873
2020-01-11,53.1602
2020-01-10,53.1654
2020-01-09,53.5853
2020-01-08,53.9353
2020-01-07,58.216
2020-01-06,56.234
2020-01-05,57.1681
2020-01-04,56.49
2020-01-03,56.49
2020-01-02,54.738
2020-01-01,54.6735
2019-12-31,54.5012
2019-12-30,55.0154
2019-12-29,55.1942
2019-12-28,55.2274
2019-12-27,55.2374
2019-12-26,55.5783
2019-12-25,55.1491
2019-12-24,55.1316
2019-12-23,54.6168
2019-12-22,54.559
2019-12-21,54.4543
2019-12-20,54.4543
2019-12-19,54.9091
2019-12-18,54.7069
2019-12-17,54.2659
2019-12-16,53.9178
2019-12-15,53.7224
2019-12-14,53.7523
2019-12-13,53.7523
2019-12-12,53.3063
2019-12-11,52.9396
2019-12-10,53.2615
2019-12-09,53.203
2019-12-08,53.3272
2019-12-07,53.4555
2019-12-06,53.4555
2019-12-05,52.5491
2019-12-04,52.7179
2019-12-03,50.9142
2019-12-02,50.6015
2019-12-01,50.6701
2019-11-30,50.3078
2019-11-29,50.3066
2019-11-28,52.7598
2019-11-27,52.6762
2019-11-26,52.8525
2019-11-25,52.6296
2019-11-24,52.6285
2019-11-23,52.598
2019-11-22,52.598
2019-11-21,52.7277
2019-11-20,51.4218
2019-11-19,49.9702
2019-11-18,51.4969
2019-11-17,52.3288
2019-11-16,52.4961
2019-11-15,52.4961
2019-11-14,51.7187
2019-11-13,52.1505
2019-11-12,51.4597
2019-11-11,51.3256
2019-11-10,51.8258
2019-11-09,52.1376
2019-11-08,52.1358
2019-11-07,51.5443
2019-11-06,50.8873
2019-11-05,51.546
2019-11-04,50.838
2019-11-03,50.3315
2019-11-02,50.3381
2019-11-01,50.3349
2019-10-31,48.4781
2019-10-30,49.2268
2019-10-29,49.9529
2019-10-28,50.3132
2019-10-27,51.1604
2019-10-26,51.1214
2019-10-25,51.1225
2019-10-24,50.5246
2019-10-23,50.0685
2019-10-22,48.7165
2019-10-21,48.0113
2019-10-20,48.1385
2019-10-19,48.183
2019-10-18,48.183
2019-10-17,48.6258
2019-10-16,47.7439
2019-10-15,48.0032
2019-10-14,48.4979
2019-10-13,49.6174
2019-10-12,49.7409
2019-10-11,49.724
2019-10-10,49.0211
2019-10-09,47.135
2019-10-08,47.8046
2019-10-07,48.189
2019-10-06,48.0238
2019-10-05,48.274
2019-10-04,48.2711
2019-10-03,47.7373
2019-10-02,47.9888
2019-10-01,49.4355
2019-09-30,49.8096
2019-09-29,51.2778
2019-09-28,51.3529
2019-09-27,51.346
2019-09-26,51.5987
2019-09-25,51.7468
2019-09-24,51.6025
2019-09-23,53.032
2019-09-22,53.3251
2019-09-21,52.9915
2019-09-20,52.9915
2019-09-19,53.1995
2019-09-18,52.6633
2019-09-17,52.9971
2019-09-16,56.3311
2019-09-15,55.1841
2019-09-14,49.256
2019-09-13,49.2556
2019-09-12,49.9505
2019-09-11,50.8154
2019-09-10,52.3826
2019-09-09,52.5966
2019-09-08,51.5969
2019-09-07,50.9727
2019-09-06,50.9592
2019-09-05,50.9944
2019-09-04,50.8127
2019-09-03,49.2491
2019-09-02,49.9126
2019-09-01,49.9209
2019-08-31,50.0918
2019-08-30,50.0972
2019-08-29,51.1809
2019-08-28,50.4045
2019-08-27,50.0888
2019-08-26,48.552
2019-08-25,47.6159
2019-08-24,48.0229
2019-08-23,48.0674
2019-08-22,50.0159
2019-08-21,50.5299
2019-08-20,50.588
2019-08-19,50.6227
2019-08-18,49.5606
2019-08-17,49.4679
2019-08-16,49.4679
2019-08-15,49.3024
2019-08-14,49.1405
2019-08-13,50.7405
2019-08-12,48.8318
2019-08-11,48.5127
2019-08-10,48.0967
2019-08-09,48.0967
2019-08-08,47.1431
2019-08-07,46.8077
2019-08-06,47.6543
2019-08-05,48.2382
2019-08-04,49.798
2019-08-03,49.6237
2019-08-02,49.6237
2019-08-01,49.0336
2019-07-31,52.2811
2019-07-30,52.1265
2019-07-29,51.2788
2019-07-28,50.3643
2019-07-27,50.454
2019-07-26,50.454
2019-07-25,50.2704
2019-07-24,50.2283
2019-07-23,51.2062
2019-07-22,50.0606
2019-07-21,50.1605
2019-07-20,49.7619
2019-07-19,49.7577
2019-07-18,49.7165
2019-07-17,50.5246
2019-07-16,51.3781
2019-07-15,52.702
2019-07-14,53.4368
2019-07-13,53.5168
2019-07-12,53.5168
2019-07-11,53.6252
2019-07-10,53.6788
2019-07-09,52.1706
2019-07-08,51.2449
2019-07-07,51.4359
2019-07-06,51.3956
2019-07-05,51.3864
2019-07-04,50.4187
2019-07-03,50.7019
2019-07-02,50.1239
2019-07-01,52.2046
2019-06-30,52.2324
2019-06-29,51.1287
2019-06-28,51.1287
2019-06-27,52.1912
2019-06-26,51.831
2019-06-25,51.6695
2019-06-24,50.7404
2019-06-23,50.7452
2019-06-22,50.5777
2019-06-21,50.5777
2019-06-20,50.7836
2019-06-19,48.4866
2019-06-18,48.4297
2019-06-17,46.5024
2019-06-16,46.9213
2019-06-15,46.7739
2019-06-14,46.774
2019-06-13,46.233
2019-06-12,45.2978
2019-06-11,46.635
2019-06-10,47.1811
2019-06-09,48.2002
2019-06-08,47.6692
2019-06-07,47.6692
2019-06-06,46.9852
2019-06-05,45.8598
2019-06-04,47.0911
2019-06-03,47.2458
2019-06-02,46.8877
2019-06-01,47.6755
2019-05-31,47.6755
2019-05-30,50.8245
2019-05-29,53.1773
2019-05-28,52.8075
2019-05-27,52.8054
2019-05-26,52.491
2019-05-25,52.6524
2019-05-24,52.6571
2019-05-23,51.9623
2019-05-22,55.0323
2019-05-21,56.3974
2019-05-20,56.7726
2019-05-19,56.9097
2019-05-18,56.3489
2019-05-17,56.3489
2019-05-16,56.6604
2019-05-15,55.5317
2019-05-14,54.6846
2019-05-13,54.2909
2019-05-12,54.619
2019-05-11,54.9524
2019-05-10,54.9524
2019-05-09,54.984
2019-05-08,55.3652
2019-05-07,55.0411
2019-05-06,55.4772
2019-05-05,54.2472
2019-05-04,55.1889
2019-05-03,55.1889
2019-05-02,55.2001
2019-05-01,56.6888
2019-04-30,56.6009
2019-04-29,56.8256
2019-04-28,56.4159
2019-04-27,56.3215
2019-04-26,56.3255
2019-04-25,58.3894
2019-04-24,58.9138
2019-04-23,58.92
2019-04-22,58.4352
2019-04-21,57.2077
2019-04-20,56.9605
2019-04-19,56.9605
2019-04-18,57.0064
2019-04-17,56.4858
2019-04-16,57.1476
2019-04-15,56.1952
2019-04-14,56.2422
2019-04-13,56.3963
2019-04-12,56.3963
2019-04-11,56.5434
2019-04-10,57.0828
2019-04-09,56.9632
2019-04-08,57.2183
2019-04-07,56.5267
2019-04-06,56.384
2019-04-05,56.384
2019-04-04,55.3118
2019-04-03,55.5888
2019-04-02,55.8022
2019-04-01,55.0606
2019-03-31,53.7844
2019-03-30,53.6486
2019-03-29,53.6485
2019-03-28,53.0019
2019-03-27,52.7458
2019-03-26,53.0941
2019-03-25,52.2888
2019-03-24,52.0641
2019-03-23,52.1513
2019-03-22,52.1515
2019-03-21,52.6828
2019-03-20,52.5985
2019-03-19,52.1558
2019-03-18,52.3619
2019-03-17,51.9025
2019-03-16,51.7778
2019-03-15,51.7778
2019-03-14,51.7631
2019-03-13,51.4675
2019-03-12,50.6592
2019-03-11,50.5994
2019-03-10,49.9924
2019-03-09,49.877
2019-03-08,49.877
2019-03-07,50.4144
2019-03-06,49.6168
2019-03-05,49.664
2019-03-04,49.7766
2019-03-03,49.2461
2019-03-02,49.0651
2019-03-01,49.0698
2019-02-28,50.3007
2019-02-27,50.077
2019-02-26,49.175
2019-02-25,48.8111
2019-02-24,50.5669
2019-02-23,50.3463
2019-02-22,50.3461
2019-02-21,50.16
2019-02-20,50.4183
2019-02-19,49.6365
2019-02-18,49.7458
2019-02-17,49.8378
2019-02-16,49.7542
2019-02-15,49.7541
2019-02-14,48.6628
2019-02-13,47.9304
2019-02-12,47.1892
2019-02-11,46.4845
2019-02-10,46.3593
2019-02-09,46.5281
2019-02-08,46.5283
2019-02-07,46.2802
2019-02-06,47.4705
2019-02-05,47.1396
2019-02-04,47.8612
2019-02-03,48.204
2019-02-02,48.3264
2019-02-01,48.3264
2019-01-31,47.0864
2019-01-30,47.4278
2019-01-29,46.6234
2019-01-28,45.5523
2019-01-27,46.686
2019-01-26,46.9557
2019-01-25,46.9721
2019-01-24,46.9273
2019-01-23,46.0746
2019-01-22,46.5424
2019-01-21,47.7047
2019-01-20,47.2041
2019-01-19,47.4818
2019-01-18,47.4818
2019-01-17,46.0635
2019-01-16,46.0795
2019-01-15,45.4703
2019-01-14,44.1756
2019-01-13,45.2206
2019-01-12,45.0715
2019-01-11,45.0832
2019-01-10,45.4396
2019-01-09,45.1602
2019-01-08,43.6418
2019-01-07,42.4543
2019-01-06,42.5996
2019-01-05,42.3984
2019-01-04,42.3981
2019-01-03,41.15
2019-01-02,40.4353
2019-01-01,40.031
2018-12-31,39.8686
2018-12-30,39.7787
2018-12-29,39.4544
2018-12-28,39.4544
2018-12-27,39.7274
2018-12-26,41.0168
2018-12-25,37.7876
2018-12-24,37.4752
2018-12-23,40.083
2018-12-22,39.9292
2018-12-21,39.9322
2018-12-20,40.4793
2018-12-19,41.6032
2018-12-18,41.0182
2018-12-17,43.7402
2018-12-16,45.6183
2018-12-15,45.5276
2018-12-14,45.5276
2018-12-13,46.5048
2018-12-12,45.1529
2018-12-11,45.9571
2018-12-10,44.8658
2018-12-09,45.9647
2018-12-08,45.8168
2018-12-07,45.8168
2018-12-06,45.2597
2018-12-05,46.4099
2018-12-04,46.5411
2018-12-03,46.889
2018-12-02,46.1488
2018-12-01,44.7753
2018-11-30,44.7852
2018-11-29,45.1383
2018-11-28,44.5039
2018-11-27,46.0767
2018-11-26,45.5378
2018-11-25,44.6338
2018-11-24,44.4552
2018-11-23,44.4556
2018-11-22,47.3972
2018-11-21,47.989
2018-11-20,47.0521
2018-11-19,50.1025
2018-11-18,50.2073
2018-11-17,49.9732
2018-11-16,49.9626
2018-11-15,50.0641
2018-11-14,49.5981
2018-11-13,49.2359
2018-11-12,52.5099
2018-11-11,53.6757
2018-11-10,52.7892
2018-11-09,52.785
2018-11-08,53.4155
2018-11-07,53.9373
2018-11-06,54.0513
2018-11-05,55.0816
2018-11-04,55.2486
2018-11-03,55.2124
2018-11-02,55.2124
2018-11-01,55.7678
2018-10-31,57.429
2018-10-30,58.5604
2018-10-29,58.6023
2018-10-28,59.3841
2018-10-27,59.238
2018-10-26,59.2377
2018-10-25,58.8754
2018-10-24,58.2713
2018-10-23,57.7601
2018-10-22,60.6369
2018-10-21,60.2224
2018-10-20,60.3176
2018-10-19,60.3176
2018-10-18,60.0979
2018-10-17,60.744
2018-10-16,62.3859
2018-10-15,61.8692
2018-10-14,62.5156
2018-10-13,61.8391
2018-10-12,61.8391
2018-10-11,61.3352
2018-10-10,62.9726
2018-10-09,64.9781
2018-10-08,64.6004
2018-10-07,64.1233
2018-10-06,64.4423
2018-10-05,64.4423
2018-10-04,64.8361
2018-10-03,66.4012
2018-10-02,65.0743
2018-10-01,65.1616
2018-09-30,63.2707
2018-09-29,63.3327
2018-09-28,63.3327
2018-09-27,61.9863
2018-09-26,61.4005
2018-09-25,61.138
2018-09-24,61.4685
2018-09-23,60.855
2018-09-22,60.1432
2018-09-21,60.1429
2018-09-20,59.6021
2018-09-19,60.6947
2018-09-18,59.5526
2018-09-17,58.5887
2018-09-16,59.2279
2018-09-15,59.3104
2018-09-14,59.3104
2018-09-13,58.8307
2018-09-12,60.3787
2018-09-11,60.2063
2018-09-10,58.3043
2018-09-09,58.906
2018-09-08,58.6877
2018-09-07,58.6877
2018-09-06,58.3875
2018-09-05,58.9976
2018-09-04,59.911
2018-09-03,60.3076
2018-09-02,60.2967
2018-09-01,60.1978
2018-08-31,60.1978
2018-08-30,60.0285
2018-08-29,59.4808
2018-08-28,58.6337
2018-08-27,59.0563
2018-08-26,59.0228
2018-08-25,58.9317
2018-08-24,58.9317
2018-08-23,58.812
2018-08-22,58.6272
2018-08-21,57.0725
2018-08-20,56.9493
2018-08-19,56.9716
2018-08-18,56.9498
2018-08-17,56.9498
2018-08-16,56.9685
2018-08-15,57.2062
2018-08-14,58.828
2018-08-13,59.1197
2018-08-12,59.5752
2018-08-11,59.3356
2018-08-10,59.3356
2018-08-09,57.9064
2018-08-08,57.4937
2018-08-07,59.6241
2018-08-06,59.633
2018-08-05,59.2704
2018-08-04,59.2764
2018-08-03,59.2764
2018-08-02,59.5
2018-08-01,58.1686
2018-07-31,58.4827
2018-07-30,59.8242
2018-07-29,59.1403
2018-07-28,59.1372
2018-07-27,59.1346
2018-07-26,59.7415
2018-07-25,59.1582
2018-07-24,58.8036
2018-07-23,58.0151
2018-07-22,58.1967
2018-07-21,58.0909
2018-07-20,58.0784
2018-07-19,58.4071
2018-07-18,58.1984
2018-07-17,57.3443
2018-07-16,58.0324
2018-07-15,60.5476
2018-07-14,60.3329
2018-07-13,60.3429
2018-07-12,60.2343
2018-07-11,60.4549
2018-07-10,63.0724
2018-07-09,62.9817
2018-07-08,62.902
2018-07-07,62.8788
2018-07-06,62.879
2018-07-05,62.5411
2018-07-04,63.5993
2018-07-03,63.9828
2018-07-02,63.5667
2018-07-01,62.9798
2018-06-30,63.5022
2018-06-29,63.509
2018-06-28,63.3923
2018-06-27,62.57
2018-06-26,60.6167
2018-06-25,58.2606
2018-06-24,59.3756
2018-06-23,59.3795
2018-06-22,59.3795
2018-06-21,56.7231
2018-06-20,56.5673
2018-06-19,56.1121
2018-06-18,56.4575
2018-06-17,55.267
2018-06-16,55.2057
2018-06-15,55.2057
2018-06-14,57.8019
2018-06-13,56.4949
2018-06-12,56.0614
2018-06-11,56.1815
2018-06-10,55.6972
2018-06-09,55.679
2018-06-08,55.6555
2018-06-07,55.9226
2018-06-06,55.91
2018-06-05,55.9147
2018-06-04,55.5709
2018-06-03,56.2825
2018-06-02,56.3189
2018-06-01,56.3141
2018-05-31,57.3726
2018-05-30,58.4148
2018-05-29,57.9146
2018-05-28,57.371
2018-05-27,57.5911
2018-05-26,57.869
2018-05-25,57.8688
2018-05-24,60.3607
2018-05-23,61.3994
2018-05-22,61.251
2018-05-21,61.4963
2018-05-20,60.9987
2018-05-19,60.6119
2018-05-18,60.6173
2018-05-17,60.8115
2018-05-16,60.5532
2018-05-15,59.9954
2018-05-14,59.6182
2018-05-13,59.1297
2018-05-12,58.9401
2018-05-11,58.9549
2018-05-10,60.0308
2018-05-09,60.1092
2018-05-08,59.0499
2018-05-07,58.748
2018-05-06,58.3594
2018-05-05,58.2842
2018-05-04,58.2944
2018-05-03,57.1162
2018-05-02,56.6727
2018-05-01,56.2482
2018-04-30,56.7211
2018-04-29,56.1278
2018-04-28,55.9664
2018-04-27,55.9664
2018-04-26,56.2655
2018-04-25,56.0482
2018-04-24,55.454
2018-04-23,56.4544
2018-04-22,55.611
2018-04-21,55.3409
2018-04-20,55.3131
2018-04-19,55.3677
2018-04-18,55.4672
2018-04-17,53.8207
2018-04-16,53.6318
2018-04-15,54.4752
2018-04-14,54.6208
2018-04-13,54.6208
2018-04-12,54.3396
2018-04-11,54.0141
2018-04-10,53.0958
2018-04-09,51.3346
2018-04-08,50.6128
2018-04-07,50.4
2018-04-06,50.4
2018-04-05,51.8709
2018-04-04,51.7971
2018-04-03,51.8071
2018-04-02,51.1713
2018-04-01,52.8115
2018-03-31,52.6687
2018-03-30,52.666
2018-03-29,52.7734
2018-03-28,52.5677
2018-03-27,52.2364
2018-03-26,52.7271
2018-03-25,53.2569
2018-03-24,53.1995
2018-03-23,53.1857
2018-03-22,52.379
2018-03-21,52.9587
2018-03-20,52.0597
2018-03-19,50.4321
2018-03-18,50.6406
2018-03-17,50.6863
2018-03-16,50.6863
2018-03-15,49.8068
2018-03-14,49.2513
2018-03-13,49.1264
2018-03-12,49.6784
2018-03-11,50.5019
2018-03-10,50.4651
2018-03-09,50.4651
2018-03-08,48.9943
2018-03-07,49.3828
2018-03-06,49.9682
2018-03-05,50.7509
2018-03-04,50.0143
2018-03-03,49.9415
2018-03-02,49.9429
2018-03-01,49.9013
2018-02-28,50.523
2018-02-27,51.3558
2018-02-26,51.9525
2018-02-25,51.7512
2018-02-24,51.7284
2018-02-23,51.7242
2018-02-22,50.8194
2018-02-21,49.866
2018-02-20,49.9815
2018-02-19,50.3345
2018-02-18,49.6934
2018-02-17,49.6113
2018-02-16,49.6111
2018-02-15,49.0584
2018-02-14,48.6948
2018-02-13,47.7255
2018-02-12,48.3805
2018-02-11,48.4687
2018-02-10,48.2629
2018-02-09,48.2407
2018-02-08,49.3349
2018-02-07,50.2912
2018-02-06,51.5949
2018-02-05,51.401
2018-02-04,52.2321
2018-02-03,52.2167
2018-02-02,52.2373
2018-02-01,52.8104
2018-01-31,52.2334
2018-01-30,51.4191
2018-01-29,52.9101
2018-01-28,53.3191
2018-01-27,53.2919
2018-01-26,53.2919
2018-01-25,52.5761
2018-01-24,53.0733
2018-01-23,52.3842
2018-01-22,52.1002
2018-01-21,51.7526
2018-01-20,51.9069
2018-01-19,51.9069
2018-01-18,51.9863
2018-01-17,52.6297
2018-01-16,52.0657
2018-01-15,52.7671
2018-01-14,52.6954
2018-01-13,52.7724
2018-01-12,52.8224
2018-01-11,52.7679
2018-01-10,53.0679
2018-01-09,53.101
2018-01-08,51.9953
2018-01-07,51.2241
2018-01-06,51.1677
2018-01-05,51.1677
2018-01-04,51.3217
2018-01-03,51.483
2018-01-02,50.0733
2018-01-01,50.1499
2017-12-31,50.1204
2017-12-30,50.1098
2017-12-29,50.1335
2017-12-28,50.1161
2017-12-27,50.067
2017-12-26,50.4411
2017-12-25,49.345
2017-12-24,49.2217
2017-12-23,49.1974
2017-12-22,49.2157
2017-12-21,49.057
2017-12-20,48.8657
2017-12-19,48.7305
2017-12-18,48.6515
2017-12-17,48.8996
2017-12-16,48.8208
2017-12-15,48.8208
2017-12-14,48.5157
2017-12-13,47.9675
2017-12-12,48.9289
2017-12-11,49.1802
2017-12-10,48.5959
2017-12-09,48.683
2017-12-08,48.7248
2017-12-07,48.0652
2017-12-06,47.5091
2017-12-05,48.568
2017-12-04,48.4139
2017-12-03,49.0457
2017-12-02,49.0334
2017-12-01,49.0334
2017-11-30,48.2273
2017-11-29,48.4087
2017-11-28,48.6951
2017-11-27,48.6222
2017-11-26,49.359
2017-11-25,49.4185
2017-11-24,49.4201
2017-11-23,49.2722
2017-11-22,49.064
2017-11-21,48.6119
2017-11-20,48.0171
2017-11-19,48.3156
2017-11-18,48.1511
2017-11-17,48.1511
2017-11-16,47.0657
2017-11-15,47.0982
2017-11-14,46.6981
2017-11-13,48.6352
2017-11-10,48.7719
2017-11-09,48.9774
2017-11-08,49.0527
2017-11-07,49.1426
2017-11-06,49.2786
2017-11-05,48.0751
2017-11-04,47.9887
2017-11-03,47.9887
2017-11-02,47.1025
2017-11-01,46.6581
2017-10-31,46.8469
2017-10-30,46.4249
2017-10-29,46.5805
2017-10-28,46.6618
2017-10-27,46.6618
2017-10-26,45.2804
2017-10-25,44.1495
2017-10-24,44.6218
2017-10-23,44.1586
2017-10-22,44.3144
2017-10-21,44.1819
2017-10-20,44.1819
2017-10-19,43.539
2017-10-18,44.3412
2017-10-17,44.4049
2017-10-16,43.9878
2017-10-15,43.8911
2017-10-14,43.4921
2017-10-13,43.4921
2017-10-12,42.9006
2017-10-11,43.0436
2017-10-10,43.0835
2017-10-09,42.2047
2017-10-08,42.1
2017-10-07,41.9426
2017-10-06,41.9426
2017-10-05,43.3396
2017-10-04,42.4152
2017-10-03,42.5963
2017-10-02,43.041
2017-10-01,43.7461
2017-09-30,43.6837
2017-09-29,43.801
2017-09-28,43.9137
2017-09-27,44.1601
2017-09-26,43.9633
2017-09-25,43.245000000000005
2017-09-24,42.534
2017-09-23,42.4255
2017-09-22,42.4252
2017-09-21,42.6542
2017-09-20,42.3127
2017-09-19,42.0388
2017-09-18,42.1822
2017-09-17,42.1002
2017-09-16,42.2132
2017-09-15,42.299
2017-09-14,41.839
2017-09-13,41.1738
2017-09-12,40.3788
2017-09-11,40.0137
2017-09-10,39.6141
2017-09-09,39.4604
2017-09-08,39.5112
2017-09-07,41.194
2017-09-06,41.2579
2017-09-05,40.8588
2017-09-04,39.9048
2017-09-03,39.9613
2017-09-02,39.9065
2017-09-01,39.9065
2017-08-31,39.5381
2017-08-30,38.4285
2017-08-29,38.6029
2017-08-28,39.1089
2017-08-27,40.1686
2017-08-26,40.1141
2017-08-25,40.5237
2017-08-24,40.4103
2017-08-23,41.1193
2017-08-22,40.4128
2017-08-21,40.4844
2017-08-20,41.4691
2017-08-19,41.5456
2017-08-18,41.6614
2017-08-17,40.0029
2017-08-16,39.8851
2017-08-15,40.4933
2017-08-14,40.2727
2017-08-13,41.2757
2017-08-12,41.2842
2017-08-11,41.4813
2017-08-10,41.2854
2017-08-09,42.1745
2017-08-08,41.6008
2017-08-07,41.8074
2017-08-06,42.1248
2017-08-05,42.0654
2017-08-04,41.6939
2017-08-03,41.3238
2017-08-02,41.9668
2017-08-01,41.22
2017-07-31,42.6396
2017-07-30,42.5089
2017-07-29,42.3557
2017-07-28,42.5936
2017-07-27,41.8633
2017-07-26,41.7749
2017-07-25,41.6094
2017-07-24,39.7676
2017-07-23,39.2205
2017-07-22,39.0833
2017-07-21,39.2033
2017-07-20,40.6899
2017-07-19,40.9542
2017-07-18,40.4946
2017-07-17,40.3009
2017-07-16,40.6698
2017-07-15,40.696
2017-07-14,40.9597
2017-07-13,40.3793
2017-07-12,39.5311
2017-07-11,40.2098
2017-07-10,39.0564
2017-07-09,38.9578
2017-07-08,38.8877
2017-07-07,38.8152
2017-07-06,39.9574
2017-07-05,40.2041
2017-07-04,41.4617
2017-07-03,41.1737
2017-07-02,40.5088
2017-07-01,40.5481
2017-06-30,40.4923
2017-06-29,39.4947
2017-06-28,39.5418
2017-06-27,39.1796
2017-06-26,38.8287
2017-06-25,38.6004
2017-06-24,38.5245
2017-06-23,38.6733
2017-06-22,38.3319
2017-06-21,38.2888
2017-06-20,38.9491
2017-06-19,39.6668
2017-06-18,40.0575
2017-06-17,40.1155
2017-06-16,40.2998
2017-06-15,39.7729
2017-06-14,39.8753
2017-06-13,41.0599
2017-06-12,41.1407
2017-06-11,41.0542
2017-06-10,41.0318
2017-06-09,41.0057
2017-06-08,40.5908
2017-06-07,40.6316
2017-06-06,42.6395
2017-06-05,42.0622
2017-06-04,42.2712
2017-06-03,42.3377
2017-06-02,42.5795
2017-06-01,42.7936
2017-05-31,43.6695
2017-05-30,44.4962
2017-05-29,44.629
2017-05-28,44.6285
2017-05-27,44.5837
2017-05-26,44.454
2017-05-25,43.5616
2017-05-24,46.056
2017-05-23,45.7749
2017-05-22,45.6139
2017-05-21,45.609
2017-05-20,45.3948
2017-05-19,45.8004
2017-05-18,44.4922
2017-05-17,44.5619
2017-05-16,43.9616
2017-05-15,44.7608
2017-05-14,43.6938
2017-05-13,43.7761
2017-05-12,44.0491
2017-05-11,44.0026
2017-05-10,43.54
2017-05-09,42.217
2017-05-08,42.3347
2017-05-07,42.2806
2017-05-06,42.2806
2017-05-05,42.3398
2017-05-04,41.8144
2017-05-03,43.578
2017-05-02,44.0512
2017-05-01,44.6911
2017-04-30,45.1279
2017-04-29,45.1554
2017-04-28,45.2567
2017-04-27,45.0599
2017-04-26,45.1359
2017-04-25,45.3877
2017-04-24,45.291
2017-04-23,46.4288
2017-04-22,46.2704
2017-04-21,46.3283
2017-04-20,47.3987
2017-04-19,47.583
2017-04-18,49.5554
2017-04-17,50.1323
2017-04-16,49.9077
2017-04-15,49.8653
2017-04-14,49.8486
2017-04-13,49.614
2017-04-12,49.9253
2017-04-11,50.3601
2017-04-10,50.1461
2017-04-09,49.6196
2017-04-08,49.4233
2017-04-07,49.4233
2017-04-06,48.591
2017-04-05,47.7471
2017-04-04,47.8691
2017-04-03,47.131
2017-04-02,47.429
2017-04-02,47.429
2017-04-01,47.6926
2017-03-31,47.6926
2017-03-30,47.0356
2017-03-29,46.0466
2017-03-29,46.0606
2017-03-28,44.8514
2017-03-27,44.0444
2017-03-26,44.4006
2017-03-25,44.5597
2017-03-24,44.5597
2017-03-23,44.3128
2017-03-22,44.7363
2017-03-22,44.7177
2017-03-21,44.4829
2017-03-20,45.6135
2017-03-19,45.7674
2017-03-18,45.8512
2017-03-17,45.8512
2017-03-16,45.7808
2017-03-15,45.7145
2017-03-14,45.6786
2017-03-14,45.6692
2017-03-13,45.3998
2017-03-12,44.9455
2017-03-11,45.3236
2017-03-10,45.3236
2017-03-09,46.8465
2017-03-09,46.8654
2017-03-08,47.7524
2017-03-07,50.0255
2017-03-06,50.2471
2017-03-05,50.1644
2017-03-04,50.0919
2017-03-03,50.0919
2017-03-02,50.1426
2017-03-01,50.9884
2017-02-28,51.0157
2017-02-27,51.0778
2017-02-26,51.169
2017-02-25,51.1276
2017-02-24,51.1276
2017-02-23,51.3651
2017-02-22,51.1836
2017-02-21,51.525
2017-02-20,50.8673
2017-02-19,50.619
2017-02-18,50.6117
2017-02-17,50.6117
2017-02-16,50.3984
2017-02-15,50.4636
2017-02-14,50.1545
2017-02-13,50.0128
2017-02-12,50.7157
2017-02-11,50.5957
2017-02-10,50.5957
2017-02-09,49.7884
2017-02-08,49.0882
2017-02-07,48.0111
2017-02-06,49.4975
2017-02-05,50.0016
2017-02-04,49.9376
2017-02-03,49.9376
2017-02-02,50.0432
2017-02-01,49.7317
2017-01-31,48.8672
2017-01-30,49.1621
2017-01-29,49.4383
2017-01-28,49.6708
2017-01-27,49.6708
2017-01-26,50.3076
2017-01-25,49.3091
2017-01-24,49.388
2017-01-23,49.1432
2017-01-22,49.7547
2017-01-21,49.7449
2017-01-20,49.7449
2017-01-19,49.0515
2017-01-18,49.1436
2017-01-17,49.8708
2017-01-16,49.5302
2017-01-15,49.3492
2017-01-14,49.3708
2017-01-13,49.3708
2017-01-12,49.9498
2017-01-11,49.3013
2017-01-10,48.2432
2017-01-09,49.0645
2017-01-08,51.0776
2017-01-07,50.9833
2017-01-06,50.9833
2017-01-05,50.6935
2017-01-04,50.8003
2017-01-03,50.515
2017-01-02,51.6589
2017-01-01,51.2219
2016-12-31,51.2219
2016-12-30,51.2219
2016-12-29,51.0547
2016-12-28,51.4812
2016-12-27,51.4717
2016-12-26,50.8709
2016-12-25,50.9318
2016-12-24,50.9178
2016-12-23,50.9178
2016-12-22,50.5238
2016-12-21,50.4027
2016-12-20,51.5413
2016-12-19,51.0242
2016-12-18,50.7849
2016-12-17,50.8061
2016-12-16,50.8061
2016-12-15,50.0743
2016-12-14,48.3685
2016-12-13,49.3241
2016-12-12,49.4212
2016-12-11,51.1214
2016-12-10,48.7347
2016-12-09,48.7347
2016-12-08,48.0582
2016-12-07,46.4279
2016-12-06,47.5653
2016-12-05,47.6206
2016-12-04,48.5951
2016-12-03,48.456
2016-12-02,48.456
2016-12-01,48.0316
2016-11-30,46.4348
2016-11-29,42.5311
2016-11-28,44.1115
2016-11-27,42.6912
2016-11-26,43.4112
2016-11-25,43.4112
2016-11-24,45.423
2016-11-23,45.5666
2016-11-22,45.1774
2016-11-21,45.7366
2016-11-20,44.2549
2016-11-19,43.7592
2016-11-18,43.7592
2016-11-17,42.9639
2016-11-16,42.942
2016-11-15,42.6262
2016-11-14,40.6467
2016-11-13,40.18
2016-11-12,39.707
2016-11-11,39.707
2016-11-10,40.7926
2016-11-09,41.4552
2016-11-08,40.7334
2016-11-07,40.5939
2016-11-06,40.1476
2016-11-05,39.6083
2016-11-04,39.6083
2016-11-03,40.3112
2016-11-02,41.1693
2016-11-01,41.9496
2016-10-31,42.709
2016-10-30,44.018
2016-10-29,44.2934
2016-10-28,44.2934
2016-10-27,45.5628
2016-10-26,45.144
2016-10-25,45.323
2016-10-24,46.4052
2016-10-23,46.5702
2016-10-22,46.8461
2016-10-21,46.8461
2016-10-20,46.3351
2016-10-19,47.1338
2016-10-18,46.5588
2016-10-17,45.932
2016-10-16,45.6496
2016-10-15,45.8562
2016-10-14,45.8562
2016-10-13,45.7849
2016-10-12,45.2613
2016-10-11,45.8887
2016-10-10,46.008
2016-10-09,44.1589
2016-10-08,44.2645
2016-10-07,44.2645
2016-10-06,45.335
2016-10-05,44.3172
2016-10-04,43.902
2016-10-03,43.5035
2016-10-02,42.6148
2016-10-01,42.739
2016-09-30,42.739
2016-09-29,42.577
2016-09-28,42.02
2016-09-27,40.0765
2016-09-26,40.6058
2016-09-25,39.9698
2016-09-24,39.7066
2016-09-23,39.7066
2016-09-22,40.9712
2016-09-21,40.748
2016-09-20,40.2359
2016-09-19,39.1956
2016-09-18,39.4719
2016-09-17,39.2601
2016-09-16,39.2601
2016-09-15,39.2897
2016-09-14,38.8898
2016-09-13,40.3423
2016-09-12,40.9454
2016-09-11,40.3284
2016-09-10,40.6957
2016-09-09,40.6957
2016-09-08,41.9949
2016-09-07,41.0284
2016-09-06,39.784
2016-09-05,40.4396
2016-09-04,39.62
2016-09-03,39.6643
2016-09-02,39.6643
2016-09-01,38.8969
2016-08-31,40.2076
2016-08-30,41.4453
2016-08-29,42.0703
2016-08-28,42.0668
2016-08-27,42.2421
2016-08-26,42.2421
2016-08-25,41.9552
2016-08-24,41.5394
2016-08-23,42.0534
2016-08-22,41.8655
2016-08-21,43.0308
2016-08-20,43.3416
2016-08-19,43.3416
2016-08-18,43.1173
2016-08-17,42.0938
2016-08-16,41.0691
2016-08-15,40.8012
2016-08-14,39.987
2016-08-13,40.0454
2016-08-12,40.0454
2016-08-11,39.1432
2016-08-10,37.1038
2016-08-09,38.4265
2016-08-08,38.6708
2016-08-07,37.7822
2016-08-06,37.8631
2016-08-05,37.8631
2016-08-04,37.5386
2016-08-03,36.9015
2016-08-02,35.3732
2016-08-01,35.9326
2016-07-31,37.0245
2016-07-30,37.0315
2016-07-29,37.0315
2016-07-28,37.0249
2016-07-27,37.9947
2016-07-26,38.8731
2016-07-25,39.3194
2016-07-24,40.2371
2016-07-23,40.3104
2016-07-22,40.3104
2016-07-21,40.5166
2016-07-20,41.4539
2016-07-19,41.3004
2016-07-18,41.4958
2016-07-17,42.1302
2016-07-16,42.5853
2016-07-15,42.5853
2016-07-14,40.8577
2016-07-13,40.6491
2016-07-12,41.9806
2016-07-11,40.3627
2016-07-10,40.9122
2016-07-09,40.8419
2016-07-08,40.8419
2016-07-07,40.9203
2016-07-06,43.1303
2016-07-05,42.2666
2016-07-04,43.5943
2016-07-03,44.1021
2016-07-02,44.2462
2016-07-01,44.2462
2016-06-30,43.6329
2016-06-29,44.4408
2016-06-28,43.646
2016-06-27,42.4374
2016-06-26,42.7443
2016-06-25,42.8612
2016-06-24,42.8612
2016-06-23,44.0685
2016-06-22,43.5805
2016-06-21,44.6573
2016-06-20,44.0792
2016-06-19,43.1702
2016-06-18,43.3159
2016-06-17,43.3159
2016-06-16,41.5167
2016-06-15,42.2843
2016-06-14,42.6438
2016-06-13,42.9511
2016-06-12,43.3111
2016-06-11,43.4359
2016-06-10,43.4359
2016-06-09,44.6461
2016-06-08,45.1915
2016-06-07,44.3727
2016-06-06,43.6947
2016-06-05,43.0251
2016-06-04,42.9896
2016-06-03,42.9896
2016-06-02,43.9673
2016-06-01,43.7501
2016-05-31,43.9424
2016-05-30,44.3971
2016-05-29,44.7255
2016-05-28,44.6103
2016-05-27,44.6103
2016-05-26,44.076
2016-05-25,44.4796
2016-05-24,44.1762
2016-05-23,42.8788
2016-05-22,43.0029
2016-05-21,43.1915
2016-05-20,43.1915
2016-05-19,43.6291
2016-05-18,43.2324
2016-05-17,43.4778
2016-05-16,42.2858
2016-05-15,40.8774
2016-05-14,40.9993
2016-05-13,40.9993
2016-05-12,40.756
2016-05-11,40.2177
2016-05-10,39.2044
2016-05-09,38.0611
2016-05-08,40.1733
2016-05-07,39.087
2016-05-06,39.087
2016-05-05,38.9839
2016-05-04,38.5969
2016-05-03,38.0491
2016-05-02,38.9047
2016-05-01,39.7952
2016-04-30,40.1904
2016-04-29,40.1904
2016-04-28,40.2307
2016-04-27,39.8957
2016-04-26,39.4044
2016-04-25,38.1408
2016-04-24,38.7731
2016-04-23,38.9654
2016-04-22,38.9654
2016-04-21,38.433
2016-04-20,38.8233
2016-04-19,36.9053
2016-04-18,36.6177
2016-04-17,34.931
2016-04-16,37.0145
2016-04-15,37.0145
2016-04-14,36.7435
2016-04-13,36.913
2016-04-12,36.6105
2016-04-11,35.2356
2016-04-10,35.2865
2016-04-09,34.8111
2016-04-08,34.8111
2016-04-07,33.0643
2016-04-06,33.1809
2016-04-05,32.1208
2016-04-04,31.1408
2016-04-03,31.8967
2016-04-02,32.1733
2016-04-01,32.1733
2016-03-31,33.6457
2016-03-30,33.5841
2016-03-29,34.2021
2016-03-28,35.2227
2016-03-27,35.6039
2016-03-26,35.4462
2016-03-25,35.4462
2016-03-24,35.4502
2016-03-23,35.3964
2016-03-22,36.6484
2016-03-21,36.9871
2016-03-20,36.2084
2016-03-19,36.5131
2016-03-18,36.5131
2016-03-17,36.7279
2016-03-16,35.9602
2016-03-15,33.2341
2016-03-14,33.6056
2016-03-13,34.3778
2016-03-12,34.5111
2016-03-11,34.5111
2016-03-10,34.0284
2016-03-09,34.8025
2016-03-08,33.1705
2016-03-07,34.3946
2016-03-06,32.9865
2016-03-05,32.988
2016-03-04,32.988
2016-03-03,31.7317
2016-03-02,31.8664
2016-03-01,31.1401
2016-02-29,31.0087
2016-02-28,29.8276
2016-02-27,30.0446
2016-02-26,30.0446
2016-02-25,30.0071
2016-02-24,29.2404
2016-02-23,28.4844
2016-02-22,30.1777
2016-02-21,28.597
2016-02-20,28.7088
2016-02-19,28.7088
2016-02-18,29.3787
2016-02-17,30.3119
2016-02-16,26.2535
2016-02-15,27.3855
2016-02-14,25.9133
2016-02-13,25.835
2016-02-12,25.835
2016-02-11,24.1191
2016-02-10,24.2524
2016-02-09,25.1457
2016-02-08,26.9718
2016-02-07,27.6598
2016-02-06,27.7839
2016-02-05,27.7839
2016-02-04,28.1938
2016-02-03,29.271
2016-02-02,27.1553
2016-02-01,28.7382
2016-01-31,31.0713
2016-01-30,31.1647
2016-01-29,31.1647
2016-01-28,30.6651
2016-01-27,29.4143
2016-01-26,28.2138
2016-01-25,27.4373
2016-01-24,29.9662
2016-01-23,29.8642
2016-01-22,29.8642
2016-01-21,27.4756
2016-01-20,26.2794
2016-01-19,27.0692
2016-01-18,27.5723
2016-01-17,27.2451
2016-01-16,28.0883
2016-01-15,28.0883
2016-01-14,29.501
2016-01-13,28.2541
2016-01-12,28.3185
2016-01-11,28.8446
2016-01-10,29.7574
2016-01-09,30.0971
2016-01-08,30.0971
2016-01-07,30.4825
2016-01-06,31.7553
2016-01-05,33.7263
2016-01-04,34.0683
2016-01-03,34.9645
2016-01-02,34.4495
2016-01-01,34.4495
2015-12-31,34.4495
2015-12-30,33.5882
2015-12-29,34.107
2015-12-28,33.4639
2015-12-27,34.5767
2015-12-26,34.7936
2015-12-25,34.7936
2015-12-24,34.7936
2015-12-23,34.6752
2015-12-22,33.3144
2015-12-21,32.8689
2015-12-20,32.9042
2015-12-19,32.9919
2015-12-18,32.9919
2015-12-17,33.3048
2015-12-16,33.9534
2015-12-15,33.6671
2015-12-14,32.9308
2015-12-13,32.3553
2015-12-12,32.1562
2015-12-11,32.1562
2015-12-10,33.4494
2015-12-09,33.9494
2015-12-08,34.8901
2015-12-07,34.8602
2015-12-06,36.3651
2015-12-05,36.8897
2015-12-04,36.8897
2015-12-03,37.8634
2015-12-02,37.8535
2015-12-01,39.2079
2015-11-30,39.4275
2015-11-29,39.5236
2015-11-28,39.4121
2015-11-27,39.4121
2015-11-26,40.1651
2015-11-25,40.5538
2015-11-24,40.1342
2015-11-23,39.5836
2015-11-22,39.0233
2015-11-21,38.9567
2015-11-20,38.9567
2015-11-19,39.0915
2015-11-18,39.5239
2015-11-17,39.4853
2015-11-16,39.1628
2015-11-15,38.2244
2015-11-14,37.8125
2015-11-13,37.8125
2015-11-12,38.5261
2015-11-11,40.0444
2015-11-10,40.6782
2015-11-09,41.0214
2015-11-08,41.3154
2015-11-07,41.4592
2015-11-06,41.4592
2015-11-05,41.7533
2015-11-04,42.7917
2015-11-03,43.6073
2015-11-02,42.0656
2015-11-01,41.9452
2015-10-31,42.1537
2015-10-30,42.1537
2015-10-29,41.6315
2015-10-28,42.1236
2015-10-27,39.2724
2015-10-26,39.6688
2015-10-25,40.4781
2015-10-24,40.616
2015-10-23,40.616
2015-10-22,40.8457
2015-10-21,39.835
2015-10-20,40.479
2015-10-19,41.0685
2015-10-18,42.1733
2015-10-17,42.0409
2015-10-16,42.0409
2015-10-15,41.6872
2015-10-14,40.3614
2015-10-13,41.0068
2015-10-12,41.9013
2015-10-11,43.8499
2015-10-10,43.5843
2015-10-09,43.5843
2015-10-08,43.9336
2015-10-07,43.0104
2015-10-06,43.2801
2015-10-05,41.3311
2015-10-04,40.3434
2015-10-03,40.7075
2015-10-02,40.7075
2015-10-01,40.3425
2015-09-30,40.5189
2015-09-29,39.8683
2015-09-28,39.6231
2015-09-27,40.5763
2015-09-26,40.4869
2015-09-25,40.4869
2015-09-24,40.2655
2015-09-23,39.9281
2015-09-22,41.8046
2015-09-21,41.6247
2015-09-20,39.97
2015-09-19,40.0329
2015-09-18,40.0329
2015-09-17,41.2942
2015-09-16,42.0123
2015-09-15,39.9456
2015-09-14,39.0511
2015-09-13,39.5334
2015-09-12,39.4939
2015-09-11,39.4939
2015-09-10,40.3341
2015-09-09,39.3723
2015-09-08,40.6807
2015-09-07,39.8252
2015-09-06,41.0603
2015-09-05,40.9712
2015-09-04,40.9712
2015-09-03,41.9726
2015-09-02,41.1277
2015-09-01,38.9474
2015-08-31,42.5602
2015-08-30,39.9305
2015-08-29,40.4561
2015-08-28,40.4561
2015-08-27,37.932
2015-08-26,34.4766
2015-08-25,34.2765
2015-08-24,33.083
2015-08-23,35.4037
2015-08-22,35.3357
2015-08-21,35.3357
2015-08-20,36.5733
2015-08-19,36.9473
2015-08-18,38.8242
2015-08-17,38.2698
2015-08-16,37.8606
2015-08-15,37.9242
2015-08-14,37.9242
2015-08-13,37.6153
2015-08-12,38.8893
2015-08-11,39.1771
2015-08-10,40.6658
2015-08-09,39.7398
2015-08-08,39.9278
2015-08-07,39.9278
2015-08-06,40.9785
2015-08-05,41.4445
2015-08-04,42.1269
2015-08-03,41.4533
2015-08-02,42.5933
2015-08-01,42.612
2015-07-31,42.612
2015-07-30,44.4084
2015-07-29,44.5651
2015-07-28,43.1408
2015-07-27,42.4567
2015-07-26,43.8134
2015-07-25,43.7515
2015-07-24,43.7515
2015-07-23,44.3672
2015-07-22,45.0636
2015-07-21,46.2609
2015-07-20,46.4612
2015-07-19,47.2551
2015-07-18,47.2133
2015-07-17,47.2133
2015-07-16,47.1637
2015-07-15,47.1557
2015-07-14,48.4392
2015-07-13,47.2315
2015-07-12,46.6858
2015-07-11,47.355
2015-07-10,47.355
2015-07-09,47.7069
2015-07-08,46.8968
2015-07-07,47.9649
2015-07-06,47.8424
2015-07-05,49.8228
2015-07-04,49.9684
2015-07-03,49.9684
2015-07-02,51.0069
2015-07-01,51.582
2015-06-30,53.013
2015-06-29,51.954
2015-06-28,53.5019
2015-06-27,53.3772
2015-06-26,53.3772
2015-06-25,53.2621
2015-06-24,53.7348
2015-06-23,54.7189
2015-06-22,53.0389
2015-06-21,52.5541
2015-06-20,52.6419
2015-06-19,52.6419
2015-06-18,53.5147
2015-06-17,53.0527
2015-06-16,53.3621
2015-06-15,52.8301
2015-06-14,53.1786
2015-06-13,53.2915
2015-06-12,53.2915
2015-06-11,53.8664
2015-06-10,53.9462
2015-06-09,53.7053
2015-06-08,51.6573
2015-06-07,52.9191
2015-06-06,53.057
2015-06-05,53.057
2015-06-04,51.7182
2015-06-03,52.9674
2015-06-02,54.6457
2015-06-01,55.0861
2015-05-31,54.6707
2015-05-30,54.8636
2015-05-29,54.8636
2015-05-28,53.0602
2015-05-27,52.9382
2015-05-26,53.6894
2015-05-25,54.5517
2015-05-24,54.4756
2015-05-23,54.3892
2015-05-22,54.3892
2015-05-21,54.6796
2015-05-20,52.9365
2015-05-19,52.3911
2015-05-18,53.286
2015-05-17,52.9877
2015-05-16,53.0869
2015-05-15,53.0869
2015-05-14,53.2059
2015-05-13,52.9131
2015-05-12,54.6338
2015-05-11,53.1989
2015-05-10,52.9232
2015-05-09,53.0381
2015-05-08,53.0381
2015-05-07,52.5063
2015-05-06,53.2506
2015-05-05,54.3619
2015-05-04,52.9304
2015-05-03,52.9066
2015-05-02,52.8613
2015-05-01,52.8613
2015-04-30,53.3265
2015-04-29,52.6921
2015-04-28,51.8568
2015-04-27,52.0871
2015-04-26,52.6573
2015-04-25,52.6808
2015-04-24,52.6808
2015-04-23,53.2382
2015-04-22,52.4978
2015-04-21,52.4565
2015-04-20,53.8117
2015-04-19,53.5692
2015-04-18,53.3028
2015-04-17,53.3028
2015-04-16,52.5999
2015-04-15,52.4989
2015-04-14,50.2208
2015-04-13,49.1297
2015-04-12,48.5838
2015-04-11,48.7631
2015-04-10,48.7631
2015-04-09,47.5447
2015-04-08,47.214
2015-04-07,48.8384
2015-04-06,47.4693
2015-04-05,45.1767
2015-04-04,45.1503
2015-04-03,45.1503
2015-04-02,45.5345
2015-04-01,45.9652
2015-03-31,44.4081
2015-03-30,44.8514
2015-03-29,44.2502
2015-03-28,44.5388
2015-03-27,44.5388
2015-03-26,46.9389
2015-03-25,44.5975
2015-03-24,43.4579
2015-03-23,43.2646
2015-03-22,42.5105
2015-03-21,42.9396
2015-03-20,42.9396
2015-03-19,42.7607
2015-03-18,42.9627
2015-03-17,42.0867
2015-03-16,41.4405
2015-03-15,41.8083
2015-03-14,42.878
2015-03-13,42.878
2015-03-12,44.3038
2015-03-11,45.8775
2015-03-10,45.5208
2015-03-09,46.075
2015-03-08,45.5333
2015-03-07,45.8574
2015-03-06,45.8574
2015-03-05,46.1935
2015-03-04,46.6226
2015-03-03,45.1377
2015-03-02,44.5656
2015-03-01,44.2448
2015-02-28,44.1457
2015-02-27,44.1457
2015-02-26,43.6248
2015-02-25,44.7949
2015-02-24,43.3967
2015-02-23,43.568
2015-02-22,44.2869
2015-02-21,44.6233
2015-02-20,44.6233
2015-02-19,45.7117
2015-02-18,44.9527
2015-02-17,47.2917
2015-02-16,46.6108
2015-02-15,46.6752
2015-02-14,46.2299
2015-02-13,46.2299
2015-02-12,44.9284
2015-02-11,43.5435
2015-02-10,44.8525
2015-02-09,46.3453
2015-02-08,46.5924
2015-02-07,46.0786
2015-02-06,46.0786
2015-02-05,44.7112
2015-02-04,42.955
2015-02-03,45.2757
2015-02-02,44.4282
2015-02-01,41.8598
2015-01-31,42.265
2015-01-30,42.265
2015-01-29,39.3344
2015-01-28,39.3972
2015-01-27,40.0154
2015-01-26,40.1489
2015-01-25,39.9243
2015-01-24,40.4447
2015-01-23,40.4447
2015-01-22,41.7206
2015-01-21,40.7266
2015-01-20,40.4957
2015-01-19,41.2059
2015-01-18,42.2359
2015-01-17,42.2912
2015-01-16,42.2912
2015-01-15,40.0902
2015-01-14,41.959
2015-01-13,39.0877
2015-01-12,38.6627
2015-01-11,40.1868
2015-01-10,40.6814
2015-01-09,40.6814
2015-01-08,41.8293
2015-01-07,41.0482
2015-01-06,40.3817
2015-01-05,41.9574
2015-01-04,43.7237
2015-01-03,43.8585
2015-01-02,43.8585
2015-01-01,45.1353
2014-12-31,43.6559
2014-12-30,44.1678
2014-12-29,44.0834
2014-12-28,45.3672
2014-12-27,45.2389
2014-12-26,45.2389
2014-12-25,45.7872
2014-12-24,45.3458
2014-12-23,46.6233
2014-12-22,45.274
2014-12-21,46.9013
2014-12-20,47.3229
2014-12-19,47.3229
2014-12-18,44.8566
2014-12-17,45.9877
2014-12-16,44.2421
2014-12-15,44.7704
2014-12-14,45.4092
2014-12-13,46.1141
2014-12-12,46.1141
2014-12-11,47.748
2014-12-10,48.9677
2014-12-09,51.058
2014-12-08,51.0767
2014-12-07,52.7254
2014-12-06,53.4065
2014-12-05,53.4065
2014-12-04,53.7975
2014-12-03,54.7814
2014-12-02,54.6933
2014-12-01,55.3564
2014-11-30,51.7026
2014-11-29,53.0971
2014-11-28,53.0971
2014-11-27,55.0118
2014-11-26,58.8122
2014-11-25,59.122
2014-11-24,60.8576
2014-11-23,61.8842
2014-11-22,61.8916
2014-11-21,61.8916
2014-11-20,61.0731
2014-11-19,59.267
2014-11-18,59.2672
2014-11-17,60.5731
2014-11-16,60.4054
2014-11-15,60.5974
2014-11-14,60.5974
2014-11-13,59.5997
2014-11-12,61.9277
2014-11-11,62.1683
2014-11-10,62.146
2014-11-09,63.1887
2014-11-08,62.976
2014-11-07,62.976
2014-11-06,62.8938
2014-11-05,63.1976
2014-11-04,61.6304
2014-11-03,62.6559
2014-11-02,64.4083
2014-11-01,64.4001
2014-10-31,64.4001
2014-10-30,64.2142
2014-10-29,64.8936
2014-10-28,63.9706
2014-10-27,63.503
2014-10-26,63.9436
2014-10-25,64.1777
2014-10-24,64.1777
2014-10-23,64.703
2014-10-22,63.5755
2014-10-21,65.1082
2014-10-20,64.0129
2014-10-19,64.8876
2014-10-18,64.4746
2014-10-17,64.4746
2014-10-16,64.8124
2014-10-15,63.114
2014-10-14,65.1341
2014-10-13,66.6921
2014-10-12,66.794
2014-10-11,67.7126
2014-10-10,67.7126
2014-10-09,66.7583
2014-10-08,68.9908
2014-10-07,69.9008
2014-10-06,71.4412
2014-10-05,71.5148
2014-10-04,71.6732
2014-10-03,71.6732
2014-10-02,71.8864
2014-10-01,71.9914
2014-09-30,72.4356
2014-09-29,74.2862
2014-09-28,73.4354
2014-09-27,73.6478
2014-09-26,73.6478
2014-09-25,72.4892
2014-09-24,72.7169
2014-09-23,71.3424
2014-09-22,70.751
2014-09-21,71.3825
2014-09-20,71.5631
2014-09-19,71.5631
2014-09-18,71.1742
2014-09-17,72.2339
2014-09-16,73.1141
2014-09-15,71.7129
2014-09-14,70.8926
2014-09-13,71.1662
2014-09-12,71.1662
2014-09-11,71.9932
2014-09-10,71.1096
2014-09-09,71.8974
2014-09-08,72.2175
2014-09-07,72.1534
2014-09-06,72.1356
2014-09-05,72.1356
2014-09-04,73.09
2014-09-03,72.3529
2014-09-02,70.9039
2014-09-01,72.9903
2014-08-31,72.9111
2014-08-30,72.9958
2014-08-29,72.9958
2014-08-28,71.7362
2014-08-27,71.0654
2014-08-26,71.2731
2014-08-25,70.8327
2014-08-24,70.8149
2014-08-23,70.5005
2014-08-22,70.5005
2014-08-21,70.6836
2014-08-20,70.6045
2014-08-19,69.7166
2014-08-18,70.3069
2014-08-17,72.3583
2014-08-16,72.5314
2014-08-15,72.5314
2014-08-14,71.5114
2014-08-13,72.8297
2014-08-12,72.7423
2014-08-11,73.1009
2014-08-10,72.8882
2014-08-09,72.7084
2014-08-08,72.7084
2014-08-07,72.9291
2014-08-06,72.3941
2014-08-05,73.0561
2014-08-04,73.3395
2014-08-03,72.785
2014-08-02,72.6892
2014-08-01,72.6892
2014-07-31,73.0011
2014-07-30,74.2043
2014-07-29,75.2849
2014-07-28,75.5348
2014-07-27,75.7737
2014-07-26,75.9212
2014-07-25,75.9212
2014-07-24,75.7564
2014-07-23,76.6793
2014-07-22,75.7018
2014-07-21,75.9753
2014-07-20,75.2071
2014-07-19,75.2389
2014-07-18,75.2389
2014-07-17,76.8244
2014-07-16,74.9777
2014-07-15,73.8398
2014-07-14,74.0968
2014-07-13,74.1379
2014-07-12,73.88
2014-07-11,73.88
2014-07-10,75.5521
2014-07-09,74.6658
2014-07-08,76.0057
2014-07-07,75.9947
2014-07-06,76.3791
2014-07-05,76.3488
2014-07-04,76.3488
2014-07-03,76.492
2014-07-02,76.2898
2014-07-01,76.9567
2014-06-30,77.0798
2014-06-29,77.302
2014-06-28,77.4692
2014-06-27,77.4692
2014-06-26,77.5907
2014-06-25,78.3219
2014-06-24,78.6241
2014-06-23,77.9502
2014-06-22,78.844
2014-06-21,78.4191
2014-06-20,78.4191
2014-06-19,77.9699
2014-06-18,77.9528
2014-06-17,78.2596
2014-06-16,78.5982
2014-06-15,79.3155
2014-06-14,78.8497
2014-06-13,78.8497
2014-06-12,78.9177
2014-06-11,77.2091
2014-06-10,77.0243
2014-06-09,76.9049
2014-06-08,75.2287
2014-06-07,75.336
2014-06-06,75.336
2014-06-05,74.9936
2014-06-04,75.1639
2014-06-03,75.5041
2014-06-02,75.4606
2014-06-01,75.5468
2014-05-31,75.4693
2014-05-30,75.4693
2014-05-29,76.0928
2014-05-28,75.7678
2014-05-27,76.3235
2014-05-26,76.3974
2014-05-25,76.4961
2014-05-24,76.5617
2014-05-23,76.5617
2014-05-22,75.9298
2014-05-21,75.8317
2014-05-20,75.1096
2014-05-19,74.4161
2014-05-18,74.1569
2014-05-17,74.2517
2014-05-16,74.2517
2014-05-15,74.0814
2014-05-14,74.341
2014-05-13,74.33
2014-05-12,73.0945
2014-05-11,72.6843
2014-05-10,72.7238
2014-05-09,72.7238
2014-05-08,72.4422
2014-05-07,72.4971
2014-05-06,71.7003
2014-05-05,71.6329
2014-05-04,71.895
2014-05-03,72.0486
2014-05-02,72.0486
2014-05-01,71.606
2014-04-30,71.9306
2014-04-29,72.914
2014-04-28,72.8008
2014-04-27,72.8467
2014-04-26,72.7745
2014-04-25,72.7745
2014-04-24,73.6381
2014-04-23,73.478
2014-04-22,73.8606
2014-04-21,75.0688
2014-04-20,74.9181
2014-04-19,75.0781
2014-04-18,75.0781
2014-04-17,75.0595
2014-04-16,75.1667
2014-04-15,75.1772
2014-04-14,74.934
2014-04-13,75.1443
2014-04-12,74.4515
2014-04-11,74.4515
2014-04-10,74.4201
2014-04-09,74.6197
2014-04-08,74.178
2014-04-07,73.3178
2014-04-06,73.7063
2014-04-05,73.7755
2014-04-04,73.7755
2014-04-03,73.1902
2014-04-02,72.1271
2014-04-01,72.2264
2014-03-31,73.6194
2014-03-30,73.7927
2014-03-29,73.8709
2014-03-28,73.8709
2014-03-27,73.7699
2014-03-26,72.6732
2014-03-25,71.8443
2014-03-24,71.8096
2014-03-23,71.9046
2014-03-22,72.2186
2014-03-21,72.2186
2014-03-20,71.6136
2014-03-19,71.7591
2014-03-18,70.6992
2014-03-17,70.0326
2014-03-16,71.2589
2014-03-15,71.1598
2014-03-14,71.1598
2014-03-13,70.7959
2014-03-12,70.5627
2014-03-11,71.7715
2014-03-10,72.7303
2014-03-09,73.7915
2014-03-08,73.9638
2014-03-07,73.9638
2014-03-06,73.4281
2014-03-05,73.5463
2014-03-04,75.1954
2014-03-03,76.1935
2014-03-02,75.8569
2014-03-01,74.3714
2014-02-28,74.3714
2014-02-27,74.3931
2014-02-26,74.8076
2014-02-25,74.1945
2014-02-24,74.7245
2014-02-23,74.621
2014-02-22,74.5191
2014-02-21,74.5191
2014-02-20,74.9072
2014-02-19,74.9195
2014-02-18,74.4562
2014-02-17,73.4112
2014-02-16,73.5561
2014-02-15,73.2931
2014-02-14,73.2931
2014-02-13,73.2787
2014-02-12,73.8055
2014-02-11,73.6569
2014-02-10,73.2778
2014-02-09,73.6339
2014-02-08,73.3955
2014-02-07,73.3955
2014-02-06,72.0401
2014-02-05,72.0269
2014-02-04,72.3327
2014-02-03,71.4583
2014-02-02,72.0743
2014-02-01,72.2763
2014-01-31,72.2763
2014-01-30,72.3138
2014-01-29,71.4802
2014-01-28,71.1241
2014-01-27,69.9898
2014-01-26,70.9386
2014-01-25,70.828
2014-01-24,70.828
2014-01-23,71.0285
2014-01-22,71.3469
2014-01-21,70.1949
2014-01-20,69.3452
2014-01-19,69.7128
2014-01-18,69.6487
2014-01-17,69.6487
2014-01-16,69.1741
2014-01-15,69.481
2014-01-14,67.7214
2014-01-13,67.0542
2014-01-12,67.8875
2014-01-11,67.9064
2014-01-10,67.9064
2014-01-09,67.8437
2014-01-08,68.1877
2014-01-07,69.0025
2014-01-06,68.7317
2014-01-05,69.2728
2014-01-04,69.3432
2014-01-03,69.3432
2014-01-02,69.8248
2014-01-01,71.6879
2013-12-31,71.5972
2013-12-30,71.9468
2013-12-29,72.8954
2013-12-28,72.8296
2013-12-27,72.8296
2013-12-26,72.7947
2013-12-25,72.558
2013-12-24,72.4916
2013-12-23,71.999
2013-12-22,72.5294
2013-12-21,72.5261
2013-12-20,72.5261
2013-12-19,72.3443
2013-12-18,71.537
2013-12-17,70.8422
2013-12-16,70.8857
2013-12-15,70.4392
2013-12-14,70.2236
2013-12-13,70.2236
2013-12-12,70.8473
2013-12-11,70.6436
2013-12-10,71.7399
2013-12-09,70.8694
2013-12-08,71.2838
2013-12-07,71.3276
2013-12-06,71.3276
2013-12-05,71.3052
2013-12-04,71.4545
2013-12-03,71.453
2013-12-02,69.4499
2013-12-01,68.3132
2013-11-30,68.2771
2013-11-29,68.2771
2013-11-28,67.8314
2013-11-27,67.9317
2013-11-26,68.9507
2013-11-25,69.7755
2013-11-24,69.4291
2013-11-23,69.953
2013-11-22,69.953
2013-11-21,70.7205
2013-11-20,69.7592
2013-11-19,69.2761
2013-11-18,69.3379
2013-11-17,69.5022
2013-11-16,69.4477
2013-11-15,69.4477
2013-11-14,69.8871
2013-11-13,69.4027
2013-11-12,69.2817
2013-11-11,70.8596
2013-11-10,70.9465
2013-11-09,70.5933
2013-11-08,70.5933
2013-11-07,70.4086
2013-11-06,70.1974
2013-11-05,69.588
2013-11-04,69.9246
2013-11-03,70.0537
2013-11-02,70.1452
2013-11-01,70.1452
2013-10-31,70.9473
2013-10-30,70.3058
2013-10-29,71.0054
2013-10-28,71.3908
2013-10-27,70.6525
2013-10-26,70.8989
2013-10-25,70.8989
2013-10-24,70.4113
2013-10-23,70.4974
2013-10-22,71.2429
2013-10-21,72.7312
2013-10-20,73.8531
2013-10-19,73.8976
2013-10-18,73.8976
2013-10-17,73.7435
2013-10-16,75.5093
2013-10-15,74.7024
2013-10-14,75.4811
2013-10-13,74.8076
2013-10-12,75.1727
2013-10-11,75.1727
2013-10-10,75.8462
2013-10-09,75.0826
2013-10-08,76.2282
2013-10-07,75.9797
2013-10-06,76.2134
2013-10-05,76.4414
2013-10-04,76.4414
2013-10-03,75.6249
2013-10-02,76.4571
2013-10-01,75.1169
2013-09-30,75.6997
2013-09-29,75.6479
2013-09-28,76.0545
2013-09-27,76.0545
2013-09-26,76.2222
2013-09-25,75.6842
2013-09-24,76.6641
2013-09-23,76.6174
2013-09-22,77.2727
2013-09-21,77.5324
2013-09-20,77.5324
2013-09-19,78.1964
2013-09-18,79.5573
2013-09-17,78.4335
2013-09-16,79.5153
2013-09-15,80.2721
2013-09-14,81.627
2013-09-13,81.627
2013-09-12,81.7347
2013-09-11,80.8995
2013-09-10,80.9207
2013-09-09,81.92
2013-09-08,83.4599
2013-09-07,83.6546
2013-09-06,83.6546
2013-09-05,82.6334
2013-09-04,81.257
2013-09-03,82.4013
2013-09-02,80.9318
2013-09-01,81.6331
2013-08-31,81.4155
2013-08-30,81.4155
2013-08-29,81.1069
2013-08-28,82.194
2013-08-27,81.8981
2013-08-26,79.4169
2013-08-25,79.9461
2013-08-24,79.4836
2013-08-23,79.4836
2013-08-22,78.7315
2013-08-21,77.596
2013-08-20,78.3914
2013-08-19,80.1441
2013-08-18,80.3652
2013-08-17,80.6637
2013-08-16,80.6637
2013-08-15,80.3074
2013-08-14,80.6904
2013-08-13,80.3361
2013-08-12,79.9271
2013-08-11,79.4712
2013-08-10,79.5685
2013-08-09,79.5685
2013-08-08,77.5396
2013-08-07,78.158
2013-08-06,79.3935
2013-08-05,80.334
2013-08-04,80.4577
2013-08-03,80.7428
2013-08-02,80.7428
2013-08-01,81.6085
2013-07-31,79.0913
2013-07-30,77.7505
2013-07-29,78.7212
2013-07-28,78.7858
2013-07-27,78.7902
2013-07-26,78.7902
2013-07-25,79.4732
2013-07-24,79.7283
2013-07-23,81.2014
2013-07-22,81.1239
2013-07-21,82.3196
2013-07-20,82.3476
2013-07-19,82.3476
2013-07-18,82.3849
2013-07-17,80.9537
2013-07-16,80.3881
2013-07-15,81.5003
2013-07-14,81.0824
2013-07-13,81.2285
2013-07-12,81.2285
2013-07-11,79.7957
2013-07-10,81.0479
2013-07-09,81.6969
2013-07-08,80.023
2013-07-07,80.9471
2013-07-06,80.6634
2013-07-05,80.6634
2013-07-04,78.601
2013-07-03,77.8305
2013-07-02,76.8457
2013-07-01,75.0512
2013-06-30,74.0707
2013-06-29,74.1351
2013-06-28,74.1351
2013-06-27,74.2799
2013-06-26,73.3709
2013-06-25,72.685
2013-06-24,72.391
2013-06-23,71.5532
2013-06-22,71.5505
2013-06-21,71.5505
2013-06-20,71.7452
2013-06-19,73.6789
2013-06-18,73.7942
2013-06-17,73.437
2013-06-16,73.2456
2013-06-15,73.3249
2013-06-14,73.3249
2013-06-13,72.2814
2013-06-12,71.7376
2013-06-11,71.3164
2013-06-10,72.3211
2013-06-09,72.8398
2013-06-08,72.7801
2013-06-07,72.7801
2013-06-06,71.4981
2013-06-05,71.6503
2013-06-04,71.8024
2013-06-03,71.3619
2013-06-02,70.3209
2013-06-01,70.5017
2013-05-31,70.5017
2013-05-30,71.7093
2013-05-29,71.7769
2013-05-28,73.9479
2013-05-27,72.695
2013-05-26,72.3235
2013-05-25,72.5711
2013-05-24,72.5711
2013-05-23,72.8626
2013-05-22,73.1272
2013-05-21,74.0738
2013-05-20,75.0988
2013-05-19,74.879
2013-05-18,74.9069
2013-05-17,74.9069
2013-05-16,73.817
2013-05-15,73.1541
2013-05-14,72.9241
2013-05-13,73.3096
2013-05-12,73.7975
2013-05-11,73.8565
2013-05-10,73.8565
2013-05-09,73.6961
2013-05-08,73.275
2013-05-07,72.9972
2013-05-06,73.2549
2013-05-05,73.7091
2013-05-04,72.8176
2013-05-03,72.8176
2013-05-02,71.8698
2013-05-01,69.0319
2013-04-30,70.7288
2013-04-29,72.0979
2013-04-28,71.0172
2013-04-27,71.2797
2013-04-26,71.2797
2013-04-25,71.6972
2013-04-24,70.3723
2013-04-23,68.8241
2013-04-22,68.3549
2013-04-21,67.6533
2013-04-20,67.5991
2013-04-19,67.5991
2013-04-18,67.8617
2013-04-17,66.2662
2013-04-16,67.5122
2013-04-15,66.8224
2013-04-14,69.0502
2013-04-13,69.2884
2013-04-12,69.2884
2013-04-11,71.2864
2013-04-10,72.3072
2013-04-09,71.8256
2013-04-08,71.7673
2013-04-07,71.4577
2013-04-06,71.5993
2013-04-05,71.5993
2013-04-04,72.2704
2013-04-03,73.6154
2013-04-02,75.472
2013-04-01,75.4032
2013-03-31,75.9511
2013-03-30,75.8267
2013-03-29,75.8267
2013-03-28,75.8458
2013-03-27,75.6652
2013-03-26,74.7644
2013-03-25,73.6593
2013-03-24,72.14
2013-03-23,72.2591
2013-03-22,72.2591
2013-03-21,71.7845
2013-03-20,72.0768
2013-03-19,71.9395
2013-03-18,72.4751
2013-03-17,71.7533
2013-03-16,71.5415
2013-03-15,71.5415
2013-03-14,71.6839
2013-03-13,71.2318
2013-03-12,71.1036
2013-03-11,70.6645
2013-03-10,70.5976
2013-03-09,70.6354
2013-03-08,70.6354
2013-03-07,69.7519
2013-03-06,69.7089
2013-03-05,69.6026
2013-03-04,69.2756
2013-03-03,69.6021
2013-03-02,69.7935
2013-03-01,69.7935
2013-02-28,70.3416
2013-02-27,70.686
2013-02-26,70.9917
2013-02-25,70.4571
2013-02-24,70.6937
2013-02-23,70.7377
2013-02-22,70.7377
2013-02-21,70.53
2013-02-20,71.2908
2013-02-19,72.4743
2013-02-18,71.498
2013-02-17,71.7042
2013-02-16,71.8432
2013-02-15,71.8432
2013-02-14,72.9124
2013-02-13,72.2465
2013-02-12,72.5484
2013-02-11,72.3274
2013-02-10,71.6417
2013-02-09,71.6551
2013-02-08,71.6551
2013-02-07,71.5697
2013-02-06,71.5974
2013-02-05,71.1645
2013-02-04,71.0484
2013-02-03,71.5095
2013-02-02,71.5463
2013-02-01,71.5463
2013-01-31,71.7464
2013-01-30,72.2373
2013-01-29,72.1981
2013-01-28,71.7938
2013-01-27,71.2486
2013-01-26,71.3434
2013-01-25,71.3434
2013-01-24,71.7799
2013-01-23,71.7501
2013-01-22,72.6863
2013-01-21,72.0149
2013-01-20,71.962
2013-01-19,71.9438
2013-01-18,71.9438
2013-01-17,71.1748
2013-01-16,70.8176
2013-01-15,70.2024
2013-01-14,70.3593
2013-01-13,70.239
2013-01-11,70.8601
2013-01-10,70.8601
2013-01-09,71.3891
2013-01-08,71.2288
2013-01-07,71.0883
2013-01-06,71.2164
2013-01-05,71.2305
2013-01-04,71.2305
2013-01-03,71.2228
2013-01-02,70.339
2013-01-01,69.3027
2012-12-31,69.2922
2012-12-30,68.5298
2012-12-29,68.618
2012-12-28,68.618
2012-12-27,68.9807
2012-12-26,68.711
2012-12-25,67.5932
2012-12-24,67.3567
2012-12-23,67.2339
2012-12-22,67.407
2012-12-21,67.407
2012-12-20,68.032
2012-12-19,67.8486
2012-12-18,66.8574
2012-12-17,66.38
2012-12-16,66.0797
2012-12-15,66.0006
2012-12-14,66.0006
2012-12-13,66.0212
2012-12-12,66.363
2012-12-11,65.9722
2012-12-10,66.1924
2012-12-09,66.7417
2012-12-08,66.5343
2012-12-07,66.5343
2012-12-06,66.6462
2012-12-05,67.2138
2012-12-04,67.482
2012-12-03,68.1711
2012-12-02,68.4838
2012-12-01,68.5036
2012-11-30,68.5036
2012-11-29,67.5671
2012-11-28,66.8854
2012-11-27,67.2619
2012-11-26,67.6585
2012-11-25,67.9807
2012-11-24,68.026
2012-11-23,68.026
2012-11-22,67.6293
2012-11-21,68.1625
2012-11-20,68.1632
2012-11-19,69.6512
2012-11-18,68.6616
2012-11-17,68.3457
2012-11-16,68.3457
2012-11-15,67.0993
2012-11-14,67.7917
2012-11-13,67.0584
2012-11-12,67.2239
2012-11-11,67.677
2012-11-10,67.6951
2012-11-09,67.6951
2012-11-08,66.729
2012-11-07,66.3807
2012-11-06,68.8992
2012-11-05,67.0079
2012-11-04,66.1115
2012-11-03,66.0903
2012-11-02,66.0903
2012-11-01,67.1174
2012-10-31,66.4352
2012-10-30,66.1238
2012-10-29,66.0772
2012-10-28,66.531
2012-10-27,66.5901
2012-10-26,66.5901
2012-10-25,66.6618
2012-10-24,66.1839
2012-10-23,66.6705
2012-10-22,68.2467
2012-10-21,69.0295
2012-10-20,69.4951
2012-10-19,69.4951
2012-10-18,70.3924
2012-10-17,70.1172
2012-10-16,70.6819
2012-10-15,70.8128
2012-10-14,70.3992
2012-10-13,70.7571
2012-10-12,70.7571
2012-10-11,71.4429
2012-10-10,70.9946
2012-10-09,71.4135
2012-10-08,69.1971
2012-10-07,68.8963
2012-10-06,68.9858
2012-10-05,68.9858
2012-10-04,70.2717
2012-10-03,68.2334
2012-10-02,71.0004
2012-10-01,71.7071
2012-09-30,71.5247
2012-09-29,71.5728
2012-09-28,71.5728
2012-09-27,71.4726
2012-09-26,70.0006
2012-09-25,70.4579
2012-09-24,71.1913
2012-09-23,71.591
2012-09-22,71.7038
2012-09-21,71.7038
2012-09-20,71.6233
2012-09-19,70.587
2012-09-18,73.2464
2012-09-17,73.7011
2012-09-16,75.5661
2012-09-15,75.3887
2012-09-14,75.3887
2012-09-13,75.581
2012-09-12,75.0649
2012-09-11,75.267
2012-09-10,75.4135
2012-09-09,75.2166
2012-09-08,75.1854
2012-09-07,75.1854
2012-09-06,74.9753
2012-09-05,76.1042
2012-09-04,76.0483
2012-09-03,76.9457
2012-09-02,76.6771
2012-09-01,76.6708
2012-08-31,76.6708
2012-08-30,75.7048
2012-08-29,76.0611
2012-08-28,76.5938
2012-08-27,76.5093
2012-08-26,77.3585
2012-08-25,76.7971
2012-08-24,76.7971
2012-08-23,76.3672
2012-08-22,77.5527
2012-08-21,77.6196
2012-08-20,77.8013
2012-08-19,77.9869
2012-08-18,77.9776
2012-08-17,77.9776
2012-08-16,77.0769
2012-08-15,76.7823
2012-08-14,75.6121
2012-08-13,75.1477
2012-08-12,75.9351
2012-08-11,75.9666
2012-08-10,75.9666
2012-08-09,76.1553
2012-08-08,75.5043
2012-08-07,75.3975
2012-08-06,74.1433
2012-08-05,73.4911
2012-08-04,73.7529
2012-08-03,73.7529
2012-08-02,71.7949
2012-08-01,72.5239
2012-07-31,71.3688
2012-07-30,73.1574
2012-07-29,73.2491
2012-07-28,73.1778
2012-07-27,73.1778
2012-07-26,72.7575
2012-07-25,73.1576
2012-07-24,72.9659
2012-07-23,72.59
2012-07-22,75.3485
2012-07-21,75.3357
2012-07-20,75.3357
2012-07-19,75.2173
2012-07-18,73.2298
2012-07-17,72.49
2012-07-16,71.7949
2012-07-15,71.2112
2012-07-14,71.081
2012-07-13,71.081
2012-07-12,70.3404
2012-07-11,70.3859
2012-07-10,68.6622
2012-07-09,69.1946
2012-07-08,68.7555
2012-07-07,68.394
2012-07-06,68.394
2012-07-05,70.1019
2012-07-04,69.5325
2012-07-03,69.5947
2012-07-02,66.5271
2012-07-01,66.8961
2012-06-30,67.1243
2012-06-29,67.1243
2012-06-28,62.9661
2012-06-27,64.5512
2012-06-26,63.6904
2012-06-25,63.406
2012-06-24,63.9171
2012-06-23,63.7433
2012-06-22,63.7433
2012-06-21,62.428
2012-06-20,63.7757
2012-06-19,66.433
2012-06-18,66.0497
2012-06-17,66.486
2012-06-16,66.486
2012-06-15,66.486
2012-06-14,66.8668
2012-06-13,65.6817
2012-06-12,66.6486
2012-06-11,65.3036
2012-06-10,68.0702
2012-06-09,67.4801
2012-06-08,67.4801
2012-06-07,66.6083
2012-06-06,68.0416
2012-06-05,67.6024
2012-06-04,67.2805
2012-06-03,66.7753
2012-06-02,66.9669
2012-06-01,66.9669
2012-05-31,69.9286
2012-05-30,70.8713
2012-05-29,72.7374
2012-05-28,72.7703
2012-05-27,72.5942
2012-05-26,72.4908
2012-05-25,72.4908
2012-05-24,72.4531
2012-05-23,71.9044
2012-05-22,72.3143
2012-05-21,72.774
2012-05-20,71.2437
2012-05-19,71.4542
2012-05-18,71.4542
2012-05-17,73.0044
2012-05-16,72.9757
2012-05-15,73.3269
2012-05-14,73.3793
2012-05-13,73.9931
2012-05-12,74.0414
2012-05-11,74.0414
2012-05-10,74.5292
2012-05-09,74.4963
2012-05-08,74.8585
2012-05-07,75.1163
2012-05-06,74.0281
2012-05-05,75.296
2012-05-04,75.296
2012-05-03,77.9934
2012-05-02,80.109
2012-05-01,79.9517
2012-04-30,79.1736
2012-04-29,79.1063
2012-04-28,79.0573
2012-04-27,79.0573
2012-04-26,78.9283
2012-04-25,78.6286
2012-04-24,78.5668
2012-04-23,78.4089
2012-04-22,78.6608
2012-04-21,78.7235
2012-04-20,78.7235
2012-04-19,78.3693
2012-04-18,78.2328
2012-04-17,79.439
2012-04-16,78.5622
2012-04-15,78.3921
2012-04-14,78.6498
2012-04-13,78.6498
2012-04-12,78.6756
2012-04-11,78.215
2012-04-10,77.2875
2012-04-09,77.9854
2012-04-08,78.2364
2012-04-07,78.7953
2012-03-31,77.16866
2012-03-30,77.16866
2012-03-29,77.64608
2012-03-28,79.21298
2012-03-27,80.20056
2012-03-26,80.17852
2012-03-25,80.44064
2012-03-24,80.48021
2012-03-23,80.48021
2012-03-22,80.01696
2012-03-21,80.88797
2012-03-20,80.36351
2012-03-19,81.77156
2012-03-18,81.4633
2012-03-17,81.36755
2012-03-16,81.36755
2012-03-15,80.66835
2012-03-14,81.14387
2012-03-13,81.69046
2012-03-12,80.96317
2012-03-11,81.64875
2012-03-10,81.8478
2012-03-09,81.8478
2012-03-08,80.53469
2012-03-07,80.7625
2012-03-06,79.98338
2012-03-05,81.04511
2012-03-04,81.04603
2012-03-03,80.74842
2012-03-02,80.74842
2012-03-01,81.74522
2012-02-29,80.3161
2012-02-28,79.10816
2012-02-27,80.52402
2012-02-26,81.37549
2012-02-25,81.57028
2012-02-24,81.57028
2012-02-23,81.1614
2012-02-22,79.92848
2012-02-21,79.99547
2012-02-20,79.51638
2012-02-19,79.52071
2012-02-18,79.33567
2012-02-17,79.33567
2012-02-16,77.95824
2012-02-15,78.0137
2012-02-14,76.84105
2012-02-13,76.46871
2012-02-12,74.98678
2012-02-11,75.04092
2012-02-10,75.04092
2012-02-09,75.09981
2012-02-08,74.70466
2012-02-07,74.4994
2012-02-06,74.08989
2012-02-05,74.41224
2012-02-04,74.35093
2012-02-03,74.35093
2012-02-02,73.57419
2012-02-01,73.9433
2012-01-31,75.28831
2012-01-30,75.41081
2012-01-29,75.33948
2012-01-28,75.43779
2012-01-27,75.43779
2012-01-26,76.22923
2012-01-25,76.22906
2012-01-24,76.09367
2012-01-23,76.69482
2012-01-22,75.73054
2012-01-21,76.08725
2012-01-20,76.08725
2012-01-19,77.61571
2012-01-18,78.90175
2012-01-17,79.43911
2012-01-16,78.49152
2012-01-15,78.12939
2012-01-14,78.1778
2012-01-13,78.1778
2012-01-12,77.47358
2012-01-11,79.63558
2012-01-10,80.14553
2012-01-09,79.41988
2012-01-08,80.03281
2012-01-07,80.12393
2012-01-06,80.12393
2012-01-05,79.32115
2012-01-04,79.77308
2012-01-03,78.89415
2012-01-02,77.56195
2012-01-01,76.41233
2011-12-31,76.33096
2011-12-30,76.33096
2011-12-29,76.95871
2011-12-28,77.03912
2011-12-27,77.40605
2011-12-26,76.48652
2011-12-25,76.49519
2011-12-24,76.52514
2011-12-23,76.56093
2011-12-22,76.11672
2011-12-21,75.94602
2011-12-20,74.53089
2011-12-19,72.57699
2011-12-18,71.70884
2011-12-17,71.95692
2011-12-16,71.95692
2011-12-15,71.66266
2011-12-14,73.21572
2011-12-13,76.78098
2011-12-12,74.27454
2011-12-11,74.51674
2011-12-10,74.55646
2011-12-09,74.55646
2011-12-08,73.41508
2011-12-07,74.90652
2011-12-06,75.50132
2011-12-05,75.12384
2011-12-04,75.62252
2011-12-03,75.49671
2011-12-02,75.49671
2011-12-01,74.23719
2011-11-30,74.82044
2011-11-29,74.54705
2011-11-28,73.46099
2011-11-27,73.73684
2011-11-26,73.41563
2011-11-25,73.41563
2011-11-24,72.93397
2011-11-23,71.79816
2011-11-22,72.35163
2011-11-21,71.86164
2011-11-20,72.194
2011-11-19,72.18827
2011-11-18,72.18827
2011-11-17,73.24533
2011-11-16,75.76085
2011-11-15,73.45264
2011-11-14,72.00972
2011-11-13,71.95142
2011-11-12,72.19689
2011-11-11,72.19689
2011-11-10,71.67841
2011-11-09,70.74732
2011-11-08,70.0625
2011-11-07,69.59723
2011-11-06,68.61618
2011-11-05,68.45586
2011-11-04,68.45586
2011-11-03,68.01131
2011-11-02,67.37251
2011-11-01,66.72209
2011-10-31,66.79366
2011-10-30,65.97211
2011-10-29,66.11182
2011-10-28,66.11182
2011-10-27,66.16879
2011-10-26,65.53815
2011-10-25,66.47511
2011-10-24,65.87921
2011-10-23,62.93878
2011-10-22,63.05998
2011-10-21,63.05998
2011-10-20,62.6581
2011-10-19,62.72659
2011-10-18,64.18545
2011-10-17,62.76536
2011-10-16,63.02159
2011-10-15,62.93454
2011-10-14,62.93454
2011-10-13,61.24425
2011-10-12,61.57015
2011-10-11,62.44137
2011-10-10,62.72691
2011-10-09,62.08231
2011-10-08,61.8277
2011-10-07,61.8277
2011-10-06,61.18414
2011-10-05,59.62233
2011-10-04,58.6461
2011-10-03,58.02791
2011-10-02,58.42591
2011-10-01,58.74444
2011-09-30,58.74444
2011-09-29,60.9823
2011-09-28,59.06598
2011-09-27,61.41613
2011-09-26,60.28085
2011-09-25,59.58392
2011-09-24,59.25342
2011-09-23,59.25342
2011-09-22,59.73271
2011-09-21,62.43098
2011-09-20,63.12514
2011-09-19,63.30654
2011-09-18,63.69548
2011-09-17,63.73224
2011-09-16,63.73224
2011-09-15,64.24579
2011-09-14,64.42308
2011-09-13,65.73327
2011-09-12,65.07645
2011-09-11,63.52904
2011-09-10,63.75236
2011-09-09,63.75236
2011-09-08,63.71049
2011-09-07,63.82805
2011-09-06,61.77041
2011-09-05,59.38588
2011-09-04,60.72636
2011-09-03,60.94908
2011-09-02,60.94908
2011-09-01,62.21362
2011-08-31,61.72449
2011-08-30,61.34935
2011-08-29,60.36988
2011-08-28,59.03839
2011-08-27,58.94301
2011-08-26,58.94301
2011-08-25,59.14278
2011-08-24,59.17496
2011-08-23,59.42628
2011-08-22,58.8137
2011-08-21,57.00445
2011-08-20,57.49382
2011-08-19,57.49382
2011-08-18,56.95153
2011-08-17,60.61677
2011-08-16,60.40516
2011-08-15,60.63325
2011-08-14,59.8343
2011-08-13,59.92041
2011-08-12,59.92041
2011-08-11,60.10875
2011-08-10,58.13381
2011-08-09,56.84967
2011-08-08,57.20524
2011-08-07,60.91896
2011-08-06,60.9774
2011-08-05,60.9774
2011-08-04,61.45915
2011-08-03,64.22556
2011-08-02,65.76655
2011-08-01,66.83025
2011-07-31,67.38471
2011-07-30,66.65578
2011-07-29,66.65578
2011-07-28,67.77119
2011-07-27,67.53226
2011-07-26,68.34858
2011-07-25,68.99168
2011-07-24,68.97846
2011-07-23,69.4886
2011-07-22,69.4886
2011-07-21,69.05965
2011-07-20,69.15257
2011-07-19,69.57233
2011-07-18,68.02784
2011-07-17,69.09849
2011-07-16,68.78866
2011-07-15,68.78866
2011-07-14,67.95753
2011-07-13,68.65763
2011-07-12,69.12299
2011-07-11,67.7657
2011-07-10,67.5257
2011-07-09,67.66264
2011-07-08,67.66264
2011-07-07,68.77334
2011-07-06,67.71896
2011-07-05,67.26846
2011-07-04,65.31705
2011-07-03,65.4285
2011-07-02,65.23243
2011-07-01,65.23243
2011-06-30,65.56631
2011-06-29,65.78557
2011-06-28,64.82023
2011-06-27,63.81507
2011-06-26,64.09026
2011-06-25,64.33412
2011-06-24,64.33412
2011-06-23,64.34683
2011-06-22,65.76204
2011-06-21,65.18511
2011-06-20,65.47505
2011-06-19,65.00476
2011-06-18,65.00255
2011-06-17,65.00255
2011-06-16,67.085
2011-06-15,67.19866
2011-06-14,68.86635
2011-06-13,67.22252
2011-06-12,68.97514
2011-06-11,68.90856
2011-06-10,68.90856
2011-06-09,70.20107
2011-06-08,68.8681
2011-06-07,67.88362
2011-06-06,67.72675
2011-06-05,68.54544
2011-06-04,68.702
2011-06-03,68.702
2011-06-02,69.54144
2011-06-01,69.62266
2011-05-31,71.35505
2011-05-30,70.13494
2011-05-29,70.40682
2011-05-28,70.34911
2011-05-27,70.34911
2011-05-26,70.88999
2011-05-25,72.0223
2011-05-24,70.2473
2011-05-23,69.04205
2011-05-22,70.515
2011-05-21,70.57129
2011-05-20,70.57129
2011-05-19,69.34179
2011-05-18,69.98622
2011-05-17,68.63491
2011-05-16,68.47293
2011-05-15,70.08483
2011-05-14,70.43077
2011-05-13,70.43077
2011-05-12,69.37923
2011-05-11,69.58825
2011-05-10,72.06641
2011-05-09,70.83574
2011-05-08,68.12242
2011-05-07,68.53521
2011-05-06,68.53521
2011-05-05,68.74061
2011-05-04,73.2871
2011-05-03,74.69957
2011-05-02,76.20513
2011-05-01,76.53409
2011-04-30,76.87866
2011-04-29,76.87866
2011-04-28,76.0112
2011-04-27,76.70809
2011-04-26,76.3457
2011-04-25,76.80117
2011-04-24,77.25368
2011-04-23,77.15286
2011-04-22,77.15286
2011-04-21,77.19899
2011-04-20,76.71583
2011-04-19,75.62067
2011-04-18,75.90882
2011-04-17,75.74302
2011-04-16,75.86682
2011-04-15,75.86682
2011-04-14,75.03003
2011-04-13,74.34746
2011-04-12,73.23594
2011-04-11,75.38374
2011-04-10,78.25044
2011-04-09,78.13422
2011-04-08,78.13422
2011-04-07,77.13126
2011-04-06,75.76767
2011-04-05,75.83542
2011-04-04,76.11505
2011-04-03,76.12505
2011-04-02,76.1606
2011-04-01,76.1606
2011-03-31,75.45671
2011-03-30,73.84273
2011-03-29,74.01685
2011-03-28,73.7757
2011-03-27,75.1403
2011-03-26,74.98829
2011-03-24,74.47255
2011-03-23,74.76142
2011-03-22,73.95422
2011-03-21,72.53762
2011-03-20,72.63623
2011-03-19,71.64615
2011-03-18,71.64615
2011-03-17,73.38488
2011-03-16,70.15945
2011-03-15,69.99299
2011-03-14,72.45838
2011-03-13,71.71485
2011-03-12,72.27507
2011-03-11,72.27507
2011-03-10,74.3525
2011-03-09,75.18546
2011-03-08,75.42417
2011-03-07,75.19508
2011-03-06,75.17985
2011-03-05,75.13378
2011-03-04,75.13378
2011-03-03,72.93018
2011-03-02,74.09478
2011-03-01,72.84085
2011-02-28,70.08436
2011-02-27,72.45723
2011-02-26,71.39559
2011-02-25,71.39559
2011-02-24,70.59522
2011-02-23,72.05279
2011-02-22,69.81192
2011-02-21,71.28474
2011-02-20,66.42991
2011-02-19,65.67835
2011-02-18,65.67835
2011-02-17,63.47563
2011-02-16,62.74865
2011-02-15,62.63382
2011-02-14,62.97574
2011-02-13,63.48748
2011-02-12,63.00671
2011-02-11,63.00671
2011-02-10,64.42152
2011-02-09,63.35195
2011-02-08,64.18166
2011-02-07,64.29641
2011-02-06,65.82931
2011-02-05,65.52489
2011-02-04,65.52489
2011-02-03,66.55413
2011-02-02,65.90261
2011-02-01,65.77325
2011-01-31,67.14211
2011-01-30,66.63941
2011-01-29,65.60465
2011-01-28,65.60465
2011-01-27,62.10741
2011-01-26,63.85361
2011-01-25,62.99733
2011-01-24,64.22223
2011-01-23,65.45834
2011-01-22,65.43898
2011-01-21,65.43898
2011-01-20,66.46048
2011-01-19,68.05788
2011-01-18,68.16789
2011-01-17,68.54194
2011-01-16,68.39942
2011-01-15,68.46404
2011-01-14,68.46404
2011-01-13,68.22182
2011-01-12,70.13528
2011-01-11,70.23854
2011-01-10,69.05449
2011-01-09,69.40287
2011-01-08,68.48466
2011-01-07,68.48466
2011-01-06,67.9676
2011-01-05,67.88443
2011-01-04,67.12289
2011-01-03,68.56822
2011-01-02,69.01867
2011-01-01,68.50973
2010-12-31,68.50973
2010-12-30,67.41848
2010-12-29,68.93748
2010-12-28,69.71786
2010-12-27,68.97231
2010-12-26,69.44322
2010-12-25,69.21465
2010-12-24,69.21465
2010-12-23,69.64888
2010-12-22,69.05662
2010-12-21,68.79944
2010-12-20,68.04668
2010-12-19,67.60971
2010-12-18,67.20755
2010-12-17,67.20755
2010-12-16,66.44158
2010-12-15,66.74833
2010-12-14,66.0091
2010-12-13,66.03302
2010-12-12,66.27392
2010-12-11,66.34706
2010-12-10,66.34706
2010-12-09,66.88392
2010-12-08,67.02041
2010-12-07,66.7107
2010-12-06,66.93331
2010-12-05,66.71364
2010-12-04,66.65275
2010-12-03,66.65275
2010-12-02,66.53092
2010-12-01,66.06501
2010-11-30,64.51898
2010-11-29,65.35554
2010-11-28,63.44026
2010-11-27,63.36127
2010-11-26,63.36127
2010-11-25,62.94603
2010-11-24,63.08346
2010-11-23,60.56147
2010-11-22,60.23551
2010-11-21,59.92061
2010-11-20,59.98142
2010-11-19,59.98142
2010-11-18,60.793
2010-11-17,59.65733
2010-11-16,61.16407
2010-11-15,62.21682
2010-11-14,61.91744
